<?xml version= "1.0" encoding= "UTF-8"?>
<resources>
    <!-- Shootingmode -->
    <local name="SHOOTING_MODE_SINGLE_TAKE_PHOTO" back="SINGLE_TAKE_PHOTO" front="SINGLE_TAKE_PHOTO" enable="true" more="false" order="1" preview-size="1440x1080" capture-size="3264x2448" front-capture-size="2944x2208" info="1" big-info="true"/>
    <local name="SHOOTING_MODE_LIVE_FOCUS" back="LIVE_FOCUS" front="LIVE_FOCUS_LITE" enable="true" more="false" order="2"/>
    <local name="SHOOTING_MODE_PHOTO" back="PHOTO" front="PHOTO" enable="true" more="false" order="3"/>
    <local name="SHOOTING_MODE_VIDEO" back="VIDEO" front="VIDEO" enable="true" more="false" order="4"/>
    
    <local name="SHOOTING_MODE_AR_DOODLE" back="AR_DOODLE" enable="true" more="true" order="5"/>
    
    <local name="SHOOTING_MODE_PRO_LITE" back="PRO_LITE" enable="true" more="true" order="6"/>
    <local name="SHOOTING_MODE_FOOD" back="FOOD" enable="true" more="true" order="5"/>
    <local name="SHOOTING_MODE_NIGHT" back="NIGHT" front="NIGHT" enable="true" more="true" order="7" info="3"/>
    <local name="SHOOTING_MODE_PANORAMA" back="PANORAMA" enable="true" more="true" order="8" preview-size="1920x1080" capture-size="2576x1932"/>
    <local name="SHOOTING_MODE_MACRO" back="MACRO" enable="true" more="true" order="9"/>
    <local name="SHOOTING_MODE_SUPER_SLOW_MOTION" back="SUPER_SLOW_MOTION" enable="true" more="true" order="10" preview-size="1280x720" capture-size="1280x720" info="5"/>
    <local name="SHOOTING_MODE_SLOW_MOTION" back="SLOW_MOTION" front="SLOW_MOTION" enable="true" more="true" order="11" preview-size="1280x720" capture-size="1920x1080"/>
    <local name="SHOOTING_MODE_HYPER_LAPSE" back="HYPER_LAPSE" front="HYPER_LAPSE" enable="true" more="true" order="12" preview-size="1920x1080" capture-size="1920x1080" info="6"/>
    <local name="SHOOTING_MODE_QR" back="QR" enable="true" more="false" order="100" preview-size="1600x720"/>

    <!-- Capture resolution - BACK --> 
    <local name="BACK_CAMERA_RESOLUTION_FULL_RATIO" value="4000x1800" />
    <local name="BACK_CAMERA_RESOLUTION_4BY3_LARGE" value="8000x6000" />
    <local name="BACK_CAMERA_RESOLUTION_4BY3_MEDIUM" value="4000x3000" />
    <local name="BACK_CAMERA_RESOLUTION_16BY9_LARGE" value="4000x2250" />
    <local name="BACK_CAMERA_RESOLUTION_1BY1_LARGE" value="2992x2992" />
    <local name="BACK_CAMERA_PICTURE_DEFAULT_RESOLUTION" value="4000x3000" />

    <!-- Capture resolution - SUPER -->
    <local name="BACK_CAMERA_RESOLUTION_SUPER_RESOLUTION" value="8000x6000" />

    <!-- Back wide camera resolution -->
    <local name="BACK_WIDE_CAMERA_RESOLUTION_4BY3_LARGE" value="2576x1932" />
    <local name="BACK_WIDE_CAMERA_RESOLUTION_4BY3_MEDIUM" value="2576x1932" />
    <local name="BACK_WIDE_CAMERA_RESOLUTION_16BY9_LARGE" value="2560x1440" />
    <local name="BACK_WIDE_CAMERA_RESOLUTION_1BY1_LARGE" value="1920x1920" />
    <local name="BACK_WIDE_CAMERA_RESOLUTION_FULL_RATIO" value="2560x1152" />

    <!-- Back Macro camera resolution -->
    <local name="BACK_MACRO_CAMERA_RESOLUTION_4BY3" value="1600x1200" />
    <local name="BACK_MACRO_CAMERA_RESOLUTION_16BY9" value="1600x900" />
    <local name="BACK_MACRO_CAMERA_RESOLUTION_1BY1" value="1200x1200" />
    <local name="BACK_MACRO_CAMERA_RESOLUTION_FULL_RATIO" value="1600x720" />

    <!-- Capture resolution - FRONT -->
    <local name="FRONT_CAMERA_RESOLUTION_FULL_RATIO" value="3264x1468" />
    <local name="FRONT_CAMERA_RESOLUTION_4BY3_LARGE" value="3264x2448" />
    <local name="FRONT_CAMERA_RESOLUTION_16BY9_LARGE" value="3264x1836" />
    <local name="FRONT_CAMERA_RESOLUTION_1BY1_LARGE" value="2448x2448" />
    <local name="FRONT_CAMERA_PICTURE_DEFAULT_RESOLUTION" value="3264x2448" />

    <!-- Capture resolution - FRONT Sensor Crop -->
    <local name="FRONT_CAMERA_SENSOR_CROP_RESOLUTION_4BY3_LARGE" value="2640x1980"/>
    <local name="FRONT_CAMERA_SENSOR_CROP_RESOLUTION_16BY9_LARGE" value="2880x1620"/>
    <local name="FRONT_CAMERA_SENSOR_CROP_RESOLUTION_1BY1_LARGE" value="1968x1968"/>
    <local name="FRONT_CAMERA_SENSOR_CROP_RESOLUTION_FULL_RATIO" value="2640x1188"/>

    <!-- Recording resolution - BACK -->
    <local name="BACK_CAMERA_RECORDING_DEFAULT_RESOLUTION" value="1920x1080"/>
    <local name="BACK_CAMERA_RECORDING_MIN_RESOLUTION" value="640x480"/>
    <local name="BACK_CAMCORDER_RESOLUTION_FEATURE_MAP_1280X720" value="true" hdr="true" hdr10="false" preview-size="1280x720" snapshot-support="true" snapshot-size="4000x2250" vdis="false" super-vdis="false" effect="true" object-tracking="false" external-storage-support="true"/>
    <local name="BACK_CAMCORDER_RESOLUTION_FEATURE_MAP_1920X1080" value="true" hdr="true" hdr10="false" preview-size="1920x1080" snapshot-support="true" snapshot-size="4000x2250" vdis="false" super-vdis="false" effect="true" object-tracking="false" external-storage-support="true"/>
    <local name="BACK_CAMCORDER_RESOLUTION_FEATURE_MAP_1600X720" value="true" hdr="true" hdr10="false" preview-size="1600x720" snapshot-support="true" snapshot-size="4000x1800" vdis="false" super-vdis="false" effect="true" object-tracking="false" external-storage-support="true"/>
    <local name="BACK_CAMCORDER_RESOLUTION_FEATURE_MAP_1440X1440" value="true" hdr="true" hdr10="false" preview-size="1440x1440" snapshot-support="true" snapshot-size="2992x2992" vdis="false" super-vdis="false" effect="true" object-tracking="false" external-storage-support="true"/>
    <local name="BACK_CAMCORDER_RESOLUTION_FEATURE_MAP_176X144" value="true"/>

    <!-- Recording resolution - FRONT -->
    <local name="FRONT_CAMERA_RECORDING_DEFAULT_RESOLUTION" value="1920x1080"/>
    <local name="FRONT_CAMERA_RECORDING_MIN_RESOLUTION" value="640x480"/>
    <local name="FRONT_CAMCORDER_RESOLUTION_FEATURE_MAP_1280X720" value="true" hdr="true" hdr10="false" preview-size="1280x720" snapshot-support="true" snapshot-size="3264x1836" vdis="false" super-vdis="false" effect="true" object-tracking="false" external-storage-support="true"/>
    <local name="FRONT_CAMCORDER_RESOLUTION_FEATURE_MAP_1920X1080" value="true" hdr="true" hdr10="false" preview-size="1920x1080" snapshot-support="true" snapshot-size="3264x1836" vdis="false" super-vdis="false" effect="true" object-tracking="false" external-storage-support="true"/>
    <local name="FRONT_CAMCORDER_RESOLUTION_FEATURE_MAP_1600X720" value="true" hdr="true" hdr10="false" preview-size="1600x720" snapshot-support="true" snapshot-size="3264x1468" vdis="false" super-vdis="false" effect="true" object-tracking="false" external-storage-support="true"/>
    <local name="FRONT_CAMCORDER_RESOLUTION_FEATURE_MAP_1440X1440" value="true" hdr="true" hdr10="false" preview-size="1440x1440" snapshot-support="true" snapshot-size="2448x2448" vdis="false" super-vdis="false" effect="true" object-tracking="false" external-storage-support="true"/>
    <local name="FRONT_CAMCORDER_RESOLUTION_FEATURE_MAP_176X144" value="true"/>

    <!-- Recording resolution - Quick Take feature 3:4 ratio -->
    <local name="BACK_CAMCORDER_RESOLUTION_FEATURE_MAP_1440X1080" value="false" hdr="true" hdr10="false" preview-size="1440x1080" snapshot-support="true" snapshot-size="4000x3000" vdis="false" super-vdis="false" effect="true" object-tracking="false" external-storage-support="true"/>
    <local name="FRONT_CAMCORDER_RESOLUTION_FEATURE_MAP_1440X1080" value="false" hdr="true" hdr10="false" preview-size="1440x1080" snapshot-support="true" snapshot-size="3264x2448" vdis="false" super-vdis="false" effect="true" object-tracking="false" external-storage-support="true"/>

    <!-- Camcorder resolution features -->
    <local name="REPRESENTATIVE_CAMCORDER_RESOLUTION_FOR_4_3_RATIO" value="1440x1080" />
    <local name="REPRESENTATIVE_CAMCORDER_RESOLUTION_FOR_FULL_RATIO" value="1600x720" /> 

    <!-- Camera preview-size features -->
    <local name="REAL_PREVIEW_SIZE_16_9" value="1280x720"/>
    <local name="REAL_PREVIEW_SIZE_4_3" value="960x720"/>
    <local name="REAL_PREVIEW_SIZE_1_1" value="720x720"/>
    <local name="REAL_PREVIEW_SIZE_20_9" value="1600x720"/>

    <!-- Multi-camera features -->
    <local name="SUPPORT_BACK_WIDE_NORMAL_DUAL_PORTRAIT" value="true"/>
    <local name="BACK_WIDE_CAMERA_ID" value="50"/>
    <local name="BACK_MACRO_CAMERA_ID" value="54"/>

    <!-- Shutter LP features -->
    <local name="SUPPORT_TAP_AND_HOLD_CAMERA_BUTTON" value="true" />

    <!-- Live focus & bokeh -->
    <local name="SUPPORT_BOKEH_FOCUSED_REGION" value="true"/>
    <local name="SUPPORT_SINGLE_BOKEH_HDR_CAPTURE" value="false"/>

    <!-- Additional effects like live bokeh/motion photo/star effect in labs -->
    <local name="SUPPORT_MOTION_PHOTO" value="false" />
    <local name="SUPPORT_ADDITIONAL_SCENE_BRIGHT_NIGHT" value="false" />

    <!-- Live Beauty features -->
    <local name="SUPPORT_LIVE_BEAUTY_IN_AUTO_MODE" value="true"/>
    <local name="SUPPORT_LIVE_BEAUTY_SHAPE_CORRECTION" value="false"/>
    <local name="SUPPORT_BEAUTY_BRIGHTEN" value="true"/>

    <!-- Super Large Resolution features-->
    <local name="SUPPORT_SUPER_RESOLUTION" value="true"/>
    <local name="SUPPORT_FRONT_SUPER_LARGE_RESOLUTION" value="false"/>

    <!-- HEIF format -->
    <local name="SUPPORT_HEIF_FORMAT" value="true"/>

    <!-- Camera Preview FPS Variations -->
    <local name="SINGLE_LIVE_FOCUS_PREVIEW_FPS_MAX" value="24" />
    <local name="FRONT_CAMERA_PREVIEW_FPS_MIN" value="8" />
    <local name="CAMERA_PREVIEW_FPS_MIN" value="15" />
    <local name="BACK_WIDE_CAMERA_PREVIEW_FPS_MIN" value="10" />

    <!-- Performance -->
    <local name="LOW_PERFORMANCE_RECORDING_VI" value="true" />
    <local name="PANORAMA_LOW_PERFORMANCE" value="true" />
    <local name="SUPPORT_SUPER_LARGE_RESOLUTION_LOW_PERFORMANCE" value="true" />
    <local name="SUPPORT_FRONT_LOW_PERFORMANCE_VIDEO_BEAUTY" value="true" />
    <local name="SUPPORT_BACK_LOW_PERFORMANCE_VIDEO_BEAUTY" value="true" />
    <local name="SUPPORT_CAMERA_APP_ENTRY_PERFORMANCE" value="true" />
    <local name="MAX_POST_PROCESSING_COUNT_FOR_CAPTURE" value="3" />
    <local name="SUPPORT_IPP_EFFECT_CAPTURE_IN_CORE2" value="true"/>
    <local name="SUPPORT_CLEAN_UP_TEMP_FILE_ON_BACKGROUND" value="true"/>
    <local name="USE_BLACK_BACKGROUND_FOR_PREVIEW_VIEW" value="false" />
    <local name="SUPPORT_LAZY_BOOT_COMPLETE_LOW_PERFORMANCE" value="true" />

    <!-- AF features -->
    <local name="SUPPORT_MULTI_AF" value="false"/>
    <local name="SUPPORT_OBJECT_TRACKING_AF" value="false" />
    <local name="SUPPORT_FAST_REACTIVE_AF" value="false" />
    <local name="FRONT_CROP_FOV_CAMERA_ID" value="3"/>

    <!-- Seamless camera switching related features -->
    <local name="SUPPORT_SEAMLESS_LENS_CHANGE_VI" value="true" />
    <local name="TRANSITION_SCALE_FACTOR_WIDE_TO_NORMAL" value="1.9f" />
    <local name="TRANSITION_SCALE_PIVOTY_NORMAL_ASPECT_RATIO" value="0.45f" />
    <local name="TRANSITION_SCALE_PIVOTY_WIDE_ASPECT_RATIO" value="0.45f" />
    <local name="TRANSITION_SCALE_PIVOTX" value="0.5f" />
    <local name="TRANSITION_NORMAL_TO_WIDE_ANIMATION_DURATION" value="800" />
    <local name="TRANSITION_WIDE_TO_NORMAL_ANIMATION_DURATION" value="600" />

    <!-- Support picture format -->
    <local name="CAMERA_SUPPORT_PICTURE_FORMAT" value="false"/>

    <!-- Post PRocessing Features -->
    <local name="SUPPORT_TO_USE_PPP" value="false"/>
    <local name="SUPPORT_POST_PICTURE_PROCESSING" value="true"/>

    <!-- Quick launch features -->
    <local name="SUPPORT_SWITCH_CAMERA_USING_POWER_KEY_OR_HOME_KEY" value="true"/>

    <!-- Display cutout -->
    <local name="DISPLAY_CUTOUT_ANIMATION_INFO" num-of-display-cutout="1" display-cutout-0-type="3" display-cutout-0-left="140" display-cutout-0-top="0" display-cutout-0-right="220" display-cutout-0-bottom="30"/>
    <local name="DISPLAY_CUTOUT_POSITION" value="1" />

    <!-- Etc. features -->
    <local name="MAX_BURST_CAPTURE_COUNT" value="30" />
    <local name="DEFAULT_MAX_ZOOM_VALUE" value="800" />
    <local name="SUPPORT_SWITCH_FACING_WHILE_RECORDING" value="true" />
    <local name="SUPPORT_QUICK_TAKE" value="true" />
    <local name="CAMCORDER_FRONT_ANTI_SHAKE" value="false" />
    <local name="SUPPORT_ADVANCED_RECORDING_OPTIONS" value="false"/>
    <local name="SUPPORT_HDR10_PLUS_RECORDING" value="false"/>
    <local name="SUPPORT_VIDEO_HDR" value="false" />
    <local name="SUPPORT_SENSOR_CROP" value="true"/>
    <local name="SUPPORT_LIVE_FOCUS_HDR_CAPTURE" value="true" />
    <local name="SUPPORT_LIVE_BEAUTY_SKIN_COLOR" value="false" />
    <local name="SUPPORT_SUPER_VIDEO_STABILIZATION" value="false" />
    <local name="SUPPORT_AUTO_HDR_MENU" value="true" />
    <local name="CAMERA_AUTO_WATERMARK_NUMBER_OF_CAMERAS" value="4" />
    <local name="SUPPORT_AUTO_WATERMARK" value="true" />
    <local name="SUPPORT_WATERMARK_IN_SUPER_LARGE_RESOLUTION" value="false" />
    <local name="LAUNCH_CAMERA_ALWAYS_IN_3_4_INSTEAD_OF_3_4H" value="true" />
    <local name="LIMITATION_1BY1_RECORDING_DURING_SMARTVIEW" value="true" />
    <local name="LIMITATION_FHD_RECORDING_DURING_SMARTVIEW" value="true" />
    <local name="LIMITATION_FULL_RECORDING_DURING_SMARTVIEW" value="true" />
    <local name="SUPPORT_INCREASE_DVFS_TIME_IN_LOW_MEMORY" value="true"/>
    <local name="SUPPORT_VDIS_CENTER_CROP_FOR_PREVIEW_RECORDING" value="false" />
    <local name="SUPPORT_PRO_RESET" value="false"/>
    <local name="SUPPORT_QR_CODE_DETECTION" value="true" />

    <!-- Guide Line percentage -->
    <local name="SMARTVIEW_BOTTOM_GUIDE_LINE" value="0.694"/>
</resources>